team,games_played,wins,draws,losses,goals_for,goals_against,goal_difference,points,win_rate,loss_rate,draw_rate,goals_per_game,goals_against_per_game,attack_strength,defense_strength,overall_strength,goal_efficiency,consistency,points_per_game,finalist_probability
France,7,6,1,0,16,7,9,19,0.8571428571428571,0.0,0.14285714285714285,2.2857142857142856,1.0,1.9591836734693875,0.7792207792207791,2.7384044526901667,0.6926406926406926,0.8571428571428572,2.7142857142857144,0.9862405766280747
Netherlands,6,4,1,1,10,5,5,13,0.6666666666666666,0.16666666666666666,0.16666666666666666,1.6666666666666667,0.8333333333333334,1.1111111111111112,0.7142857142857142,1.8253968253968254,0.6622516556291391,0.6666666666666667,2.1666666666666665,0.9745881658247604
Germany,6,4,1,1,10,4,6,13,0.6666666666666666,0.16666666666666666,0.16666666666666666,1.6666666666666667,0.6666666666666666,1.1111111111111112,0.8695652173913043,1.9806763285024154,0.7092198581560284,0.6666666666666667,2.1666666666666665,0.9277641345420756
Argentina,7,6,1,0,15,6,9,19,0.8571428571428571,0.0,0.14285714285714285,2.142857142857143,0.8571428571428571,1.8367346938775508,0.8955223880597015,2.7322570819372523,0.7109004739336492,0.8571428571428572,2.7142857142857144,0.905889680525421
Spain,7,5,2,0,13,4,9,17,0.7142857142857143,0.0,0.2857142857142857,1.8571428571428572,0.5714285714285714,1.326530612244898,1.0638297872340428,2.390360399478941,0.7602339181286549,0.7142857142857143,2.4285714285714284,0.9028698940799359
Portugal,6,4,1,1,9,4,5,13,0.6666666666666666,0.16666666666666666,0.16666666666666666,1.5,0.6666666666666666,1.0,0.8695652173913043,1.8695652173913042,0.6870229007633588,0.6666666666666667,2.1666666666666665,0.8364287428918614
England,7,5,1,1,12,4,8,16,0.7142857142857143,0.14285714285714285,0.14285714285714285,1.7142857142857142,0.5714285714285714,1.2244897959183674,1.0638297872340428,2.2883195831524104,0.7453416149068323,0.7142857142857143,2.2857142857142856,0.027210767062708897
Brazil,7,5,1,1,14,5,9,16,0.7142857142857143,0.14285714285714285,0.14285714285714285,2.0,0.7142857142857143,1.4285714285714286,0.8771929824561404,2.3057644110275692,0.7329842931937173,0.7142857142857143,2.2857142857142856,0.015934882881045196
